cell_tower_id,tower_name,city,state,region
TWR1,Tower_1,Mumbai,Tamil Nadu,South
TWR2,Tower_2,Bengaluru,Karnataka,South
TWR3,Tower_3,Mumbai,Maharashtra,West
TWR4,Tower_4,Chennai,Maharashtra,South
TWR5,Tower_5,Bengaluru,Tamil Nadu,West
TWR6,Tower_6,Hyderabad,Tamil Nadu,South
TWR7,Tower_7,Chennai,Maharashtra,South
TWR8,Tower_8,Mumbai,Telangana,South
TWR9,Tower_9,Mumbai,Maharashtra,South
TWR10,Tower_10,Chennai,Telangana,West
TWR11,Tower_11,Mumbai,Maharashtra,South
TWR12,Tower_12,Mumbai,Maharashtra,West
TWR13,Tower_13,Chennai,Maharashtra,West
TWR14,Tower_14,Mumbai,Tamil Nadu,South
TWR15,Tower_15,Hyderabad,Maharashtra,South
TWR16,Tower_16,Chennai,Telangana,South
TWR17,Tower_17,Hyderabad,Tamil Nadu,West
TWR18,Tower_18,Chennai,Karnataka,West
TWR19,Tower_19,Bengaluru,Tamil Nadu,West
TWR20,Tower_20,Bengaluru,Tamil Nadu,West
TWR21,Tower_21,Bengaluru,Maharashtra,West
TWR22,Tower_22,Chennai,Tamil Nadu,South
TWR23,Tower_23,Mumbai,Telangana,West
TWR24,Tower_24,Hyderabad,Tamil Nadu,West
TWR25,Tower_25,Chennai,Tamil Nadu,South
TWR26,Tower_26,Hyderabad,Tamil Nadu,South
TWR27,Tower_27,Hyderabad,Karnataka,West
TWR28,Tower_28,Mumbai,Telangana,South
TWR29,Tower_29,Mumbai,Karnataka,West
TWR30,Tower_30,Chennai,Telangana,West
TWR31,Tower_31,Mumbai,Telangana,South
TWR32,Tower_32,Bengaluru,Telangana,South
TWR33,Tower_33,Bengaluru,Tamil Nadu,South
TWR34,Tower_34,Bengaluru,Tamil Nadu,West
TWR35,Tower_35,Mumbai,Tamil Nadu,South
TWR36,Tower_36,Mumbai,Telangana,South
TWR37,Tower_37,Hyderabad,Tamil Nadu,West
TWR38,Tower_38,Mumbai,Tamil Nadu,South
TWR39,Tower_39,Bengaluru,Tamil Nadu,South
TWR40,Tower_40,Bengaluru,Tamil Nadu,West
TWR41,Tower_41,Bengaluru,Maharashtra,West
TWR42,Tower_42,Bengaluru,Tamil Nadu,South
TWR43,Tower_43,Chennai,Tamil Nadu,West
TWR44,Tower_44,Chennai,Tamil Nadu,West
TWR45,Tower_45,Bengaluru,Karnataka,West
TWR46,Tower_46,Mumbai,Maharashtra,South
TWR47,Tower_47,Mumbai,Maharashtra,West
TWR48,Tower_48,Chennai,Telangana,West
TWR49,Tower_49,Hyderabad,Maharashtra,South
TWR50,Tower_50,Chennai,Maharashtra,South
TWR51,Tower_51,Mumbai,Telangana,South
TWR52,Tower_52,Chennai,Karnataka,West
TWR53,Tower_53,Mumbai,Karnataka,South
TWR54,Tower_54,Chennai,Karnataka,South
TWR55,Tower_55,Chennai,Telangana,South
TWR56,Tower_56,Chennai,Tamil Nadu,West
TWR57,Tower_57,Mumbai,Maharashtra,West
TWR58,Tower_58,Mumbai,Tamil Nadu,South
TWR59,Tower_59,Mumbai,Karnataka,South
TWR60,Tower_60,Mumbai,Karnataka,West
TWR61,Tower_61,Hyderabad,Tamil Nadu,South
TWR62,Tower_62,Chennai,Tamil Nadu,South
TWR63,Tower_63,Chennai,Maharashtra,West
TWR64,Tower_64,Hyderabad,Telangana,South
TWR65,Tower_65,Chennai,Maharashtra,South
TWR66,Tower_66,Mumbai,Karnataka,West
TWR67,Tower_67,Chennai,Maharashtra,South
TWR68,Tower_68,Bengaluru,Tamil Nadu,West
TWR69,Tower_69,Mumbai,Telangana,West
TWR70,Tower_70,Hyderabad,Maharashtra,South
TWR71,Tower_71,Bengaluru,Telangana,West
TWR72,Tower_72,Bengaluru,Telangana,South
TWR73,Tower_73,Bengaluru,Tamil Nadu,South
TWR74,Tower_74,Chennai,Telangana,South
TWR75,Tower_75,Chennai,Karnataka,South
TWR76,Tower_76,Bengaluru,Karnataka,West
TWR77,Tower_77,Bengaluru,Tamil Nadu,West
TWR78,Tower_78,Chennai,Maharashtra,West
TWR79,Tower_79,Mumbai,Maharashtra,South
TWR80,Tower_80,Chennai,Telangana,South
TWR81,Tower_81,Bengaluru,Karnataka,South
TWR82,Tower_82,Chennai,Maharashtra,West
TWR83,Tower_83,Mumbai,Karnataka,South
TWR84,Tower_84,Mumbai,Telangana,South
TWR85,Tower_85,Hyderabad,Telangana,West
TWR86,Tower_86,Bengaluru,Karnataka,South
TWR87,Tower_87,Mumbai,Maharashtra,West
TWR88,Tower_88,Chennai,Maharashtra,West
TWR89,Tower_89,Mumbai,Maharashtra,West
TWR90,Tower_90,Hyderabad,Tamil Nadu,West
TWR91,Tower_91,Bengaluru,Karnataka,West
TWR92,Tower_92,Mumbai,Telangana,West
TWR93,Tower_93,Mumbai,Karnataka,South
TWR94,Tower_94,Mumbai,Tamil Nadu,West
TWR95,Tower_95,Hyderabad,Maharashtra,South
TWR96,Tower_96,Mumbai,Maharashtra,West
TWR97,Tower_97,Mumbai,Tamil Nadu,South
TWR98,Tower_98,Mumbai,Karnataka,South
TWR99,Tower_99,Chennai,Telangana,South
TWR100,Tower_100,Mumbai,Karnataka,West
TWR101,Tower_101,Mumbai,Maharashtra,West
TWR102,Tower_102,Mumbai,Karnataka,West
TWR103,Tower_103,Chennai,Karnataka,South
TWR104,Tower_104,Mumbai,Tamil Nadu,West
TWR105,Tower_105,Chennai,Karnataka,West
TWR106,Tower_106,Mumbai,Tamil Nadu,West
TWR107,Tower_107,Hyderabad,Maharashtra,West
TWR108,Tower_108,Mumbai,Tamil Nadu,West
TWR109,Tower_109,Chennai,Tamil Nadu,South
TWR110,Tower_110,Mumbai,Maharashtra,West
TWR111,Tower_111,Bengaluru,Tamil Nadu,West
TWR112,Tower_112,Hyderabad,Maharashtra,South
TWR113,Tower_113,Mumbai,Karnataka,West
TWR114,Tower_114,Hyderabad,Maharashtra,West
TWR115,Tower_115,Mumbai,Karnataka,South
TWR116,Tower_116,Hyderabad,Tamil Nadu,West
TWR117,Tower_117,Mumbai,Maharashtra,West
TWR118,Tower_118,Bengaluru,Karnataka,West
TWR119,Tower_119,Mumbai,Karnataka,South
TWR120,Tower_120,Mumbai,Telangana,South
TWR121,Tower_121,Bengaluru,Karnataka,West
TWR122,Tower_122,Mumbai,Telangana,South
TWR123,Tower_123,Mumbai,Telangana,West
TWR124,Tower_124,Mumbai,Maharashtra,West
TWR125,Tower_125,Chennai,Karnataka,West
TWR126,Tower_126,Bengaluru,Telangana,South
TWR127,Tower_127,Hyderabad,Telangana,South
TWR128,Tower_128,Chennai,Tamil Nadu,South
TWR129,Tower_129,Mumbai,Maharashtra,South
TWR130,Tower_130,Mumbai,Tamil Nadu,South
TWR131,Tower_131,Chennai,Tamil Nadu,West
TWR132,Tower_132,Bengaluru,Tamil Nadu,South
TWR133,Tower_133,Mumbai,Telangana,South
TWR134,Tower_134,Hyderabad,Tamil Nadu,South
TWR135,Tower_135,Chennai,Maharashtra,West
TWR136,Tower_136,Bengaluru,Tamil Nadu,South
TWR137,Tower_137,Bengaluru,Karnataka,South
TWR138,Tower_138,Mumbai,Karnataka,South
TWR139,Tower_139,Mumbai,Maharashtra,West
TWR140,Tower_140,Bengaluru,Telangana,South
TWR141,Tower_141,Mumbai,Tamil Nadu,West
TWR142,Tower_142,Bengaluru,Maharashtra,West
TWR143,Tower_143,Hyderabad,Telangana,South
TWR144,Tower_144,Bengaluru,Tamil Nadu,South
TWR145,Tower_145,Hyderabad,Karnataka,West
TWR146,Tower_146,Mumbai,Tamil Nadu,West
TWR147,Tower_147,Chennai,Karnataka,West
TWR148,Tower_148,Mumbai,Telangana,West
TWR149,Tower_149,Hyderabad,Karnataka,South
TWR150,Tower_150,Mumbai,Maharashtra,South
TWR151,Tower_151,Chennai,Maharashtra,South
TWR152,Tower_152,Bengaluru,Tamil Nadu,West
TWR153,Tower_153,Chennai,Karnataka,South
TWR154,Tower_154,Bengaluru,Telangana,South
TWR155,Tower_155,Bengaluru,Karnataka,West
TWR156,Tower_156,Bengaluru,Karnataka,West
TWR157,Tower_157,Chennai,Tamil Nadu,South
TWR158,Tower_158,Bengaluru,Telangana,South
TWR159,Tower_159,Hyderabad,Telangana,West
TWR160,Tower_160,Bengaluru,Telangana,South
TWR161,Tower_161,Hyderabad,Telangana,West
TWR162,Tower_162,Chennai,Telangana,West
TWR163,Tower_163,Bengaluru,Telangana,West
TWR164,Tower_164,Bengaluru,Telangana,West
TWR165,Tower_165,Chennai,Karnataka,West
TWR166,Tower_166,Bengaluru,Tamil Nadu,South
TWR167,Tower_167,Mumbai,Telangana,South
TWR168,Tower_168,Bengaluru,Tamil Nadu,West
TWR169,Tower_169,Mumbai,Karnataka,South
TWR170,Tower_170,Hyderabad,Karnataka,South
TWR171,Tower_171,Chennai,Tamil Nadu,South
TWR172,Tower_172,Mumbai,Tamil Nadu,West
TWR173,Tower_173,Hyderabad,Maharashtra,West
TWR174,Tower_174,Mumbai,Maharashtra,South
TWR175,Tower_175,Bengaluru,Maharashtra,West
TWR176,Tower_176,Bengaluru,Karnataka,South
TWR177,Tower_177,Chennai,Maharashtra,West
TWR178,Tower_178,Chennai,Maharashtra,South
TWR179,Tower_179,Chennai,Karnataka,South
TWR180,Tower_180,Mumbai,Telangana,West
TWR181,Tower_181,Mumbai,Karnataka,West
TWR182,Tower_182,Mumbai,Tamil Nadu,South
TWR183,Tower_183,Hyderabad,Tamil Nadu,West
TWR184,Tower_184,Mumbai,Maharashtra,West
TWR185,Tower_185,Mumbai,Karnataka,South
TWR186,Tower_186,Chennai,Maharashtra,South
TWR187,Tower_187,Bengaluru,Tamil Nadu,West
TWR188,Tower_188,Mumbai,Karnataka,West
TWR189,Tower_189,Hyderabad,Maharashtra,West
TWR190,Tower_190,Bengaluru,Tamil Nadu,South
TWR191,Tower_191,Chennai,Karnataka,West
TWR192,Tower_192,Hyderabad,Maharashtra,West
TWR193,Tower_193,Chennai,Maharashtra,West
TWR194,Tower_194,Chennai,Telangana,West
TWR195,Tower_195,Mumbai,Telangana,South
TWR196,Tower_196,Bengaluru,Karnataka,West
TWR197,Tower_197,Hyderabad,Karnataka,South
TWR198,Tower_198,Hyderabad,Telangana,West
TWR199,Tower_199,Mumbai,Telangana,South
TWR200,Tower_200,Bengaluru,Karnataka,West
TWR201,Tower_201,Chennai,Maharashtra,West
TWR202,Tower_202,Bengaluru,Karnataka,South
TWR203,Tower_203,Bengaluru,Telangana,West
TWR204,Tower_204,Chennai,Tamil Nadu,West
TWR205,Tower_205,Bengaluru,Tamil Nadu,South
TWR206,Tower_206,Chennai,Telangana,South
TWR207,Tower_207,Hyderabad,Tamil Nadu,South
TWR208,Tower_208,Mumbai,Maharashtra,South
TWR209,Tower_209,Hyderabad,Maharashtra,South
TWR210,Tower_210,Bengaluru,Telangana,West
TWR211,Tower_211,Hyderabad,Telangana,West
TWR212,Tower_212,Hyderabad,Karnataka,South
TWR213,Tower_213,Hyderabad,Maharashtra,South
TWR214,Tower_214,Chennai,Telangana,South
TWR215,Tower_215,Mumbai,Karnataka,West
TWR216,Tower_216,Hyderabad,Tamil Nadu,South
TWR217,Tower_217,Bengaluru,Maharashtra,West
TWR218,Tower_218,Chennai,Maharashtra,South
TWR219,Tower_219,Chennai,Tamil Nadu,South
TWR220,Tower_220,Hyderabad,Karnataka,South
TWR221,Tower_221,Bengaluru,Tamil Nadu,West
TWR222,Tower_222,Hyderabad,Tamil Nadu,South
TWR223,Tower_223,Mumbai,Karnataka,West
TWR224,Tower_224,Bengaluru,Maharashtra,South
TWR225,Tower_225,Chennai,Telangana,West
TWR226,Tower_226,Bengaluru,Telangana,South
TWR227,Tower_227,Chennai,Karnataka,South
TWR228,Tower_228,Chennai,Telangana,South
TWR229,Tower_229,Hyderabad,Karnataka,West
TWR230,Tower_230,Mumbai,Telangana,West
TWR231,Tower_231,Chennai,Karnataka,West
TWR232,Tower_232,Hyderabad,Telangana,West
TWR233,Tower_233,Chennai,Telangana,South
TWR234,Tower_234,Hyderabad,Karnataka,South
TWR235,Tower_235,Chennai,Maharashtra,South
TWR236,Tower_236,Bengaluru,Telangana,West
TWR237,Tower_237,Bengaluru,Tamil Nadu,West
TWR238,Tower_238,Chennai,Telangana,South
TWR239,Tower_239,Chennai,Maharashtra,South
TWR240,Tower_240,Hyderabad,Karnataka,South
TWR241,Tower_241,Mumbai,Tamil Nadu,South
TWR242,Tower_242,Hyderabad,Maharashtra,South
TWR243,Tower_243,Hyderabad,Tamil Nadu,West
TWR244,Tower_244,Hyderabad,Karnataka,South
TWR245,Tower_245,Bengaluru,Tamil Nadu,South
TWR246,Tower_246,Mumbai,Telangana,West
TWR247,Tower_247,Hyderabad,Telangana,South
TWR248,Tower_248,Bengaluru,Telangana,West
TWR249,Tower_249,Hyderabad,Maharashtra,West
TWR250,Tower_250,Bengaluru,Maharashtra,South
TWR251,Tower_251,Chennai,Karnataka,West
TWR252,Tower_252,Mumbai,Karnataka,South
TWR253,Tower_253,Bengaluru,Tamil Nadu,West
TWR254,Tower_254,Bengaluru,Tamil Nadu,West
TWR255,Tower_255,Mumbai,Telangana,South
TWR256,Tower_256,Chennai,Telangana,West
TWR257,Tower_257,Bengaluru,Telangana,South
TWR258,Tower_258,Bengaluru,Telangana,South
TWR259,Tower_259,Hyderabad,Karnataka,South
TWR260,Tower_260,Bengaluru,Telangana,West
TWR261,Tower_261,Mumbai,Karnataka,West
TWR262,Tower_262,Mumbai,Karnataka,West
TWR263,Tower_263,Mumbai,Tamil Nadu,West
TWR264,Tower_264,Bengaluru,Telangana,South
TWR265,Tower_265,Bengaluru,Telangana,West
TWR266,Tower_266,Hyderabad,Maharashtra,South
TWR267,Tower_267,Bengaluru,Maharashtra,South
TWR268,Tower_268,Chennai,Karnataka,South
TWR269,Tower_269,Hyderabad,Telangana,West
TWR270,Tower_270,Chennai,Telangana,South
TWR271,Tower_271,Mumbai,Karnataka,South
TWR272,Tower_272,Mumbai,Karnataka,West
TWR273,Tower_273,Bengaluru,Karnataka,South
TWR274,Tower_274,Chennai,Maharashtra,West
TWR275,Tower_275,Mumbai,Karnataka,South
TWR276,Tower_276,Chennai,Tamil Nadu,West
TWR277,Tower_277,Chennai,Maharashtra,West
TWR278,Tower_278,Bengaluru,Maharashtra,South
TWR279,Tower_279,Chennai,Karnataka,South
TWR280,Tower_280,Mumbai,Tamil Nadu,West
TWR281,Tower_281,Chennai,Maharashtra,South
TWR282,Tower_282,Hyderabad,Karnataka,South
TWR283,Tower_283,Mumbai,Telangana,South
TWR284,Tower_284,Mumbai,Karnataka,South
TWR285,Tower_285,Hyderabad,Karnataka,West
TWR286,Tower_286,Hyderabad,Maharashtra,West
TWR287,Tower_287,Hyderabad,Maharashtra,South
TWR288,Tower_288,Mumbai,Maharashtra,West
TWR289,Tower_289,Bengaluru,Maharashtra,South
TWR290,Tower_290,Hyderabad,Tamil Nadu,West
TWR291,Tower_291,Mumbai,Tamil Nadu,South
TWR292,Tower_292,Bengaluru,Maharashtra,West
TWR293,Tower_293,Bengaluru,Maharashtra,South
TWR294,Tower_294,Bengaluru,Karnataka,West
TWR295,Tower_295,Bengaluru,Telangana,West
TWR296,Tower_296,Hyderabad,Karnataka,West
TWR297,Tower_297,Mumbai,Karnataka,South
TWR298,Tower_298,Chennai,Telangana,South
TWR299,Tower_299,Chennai,Karnataka,South
TWR300,Tower_300,Bengaluru,Tamil Nadu,South
TWR301,Tower_301,Bengaluru,Telangana,South
TWR302,Tower_302,Bengaluru,Karnataka,South
TWR303,Tower_303,Mumbai,Tamil Nadu,South
TWR304,Tower_304,Mumbai,Telangana,West
TWR305,Tower_305,Chennai,Karnataka,West
TWR306,Tower_306,Chennai,Telangana,West
TWR307,Tower_307,Bengaluru,Telangana,South
TWR308,Tower_308,Mumbai,Tamil Nadu,West
TWR309,Tower_309,Chennai,Tamil Nadu,South
TWR310,Tower_310,Hyderabad,Maharashtra,West
TWR311,Tower_311,Bengaluru,Tamil Nadu,West
TWR312,Tower_312,Mumbai,Karnataka,West
TWR313,Tower_313,Bengaluru,Telangana,West
TWR314,Tower_314,Mumbai,Telangana,South
TWR315,Tower_315,Chennai,Karnataka,South
TWR316,Tower_316,Hyderabad,Karnataka,West
TWR317,Tower_317,Chennai,Karnataka,West
TWR318,Tower_318,Chennai,Tamil Nadu,South
TWR319,Tower_319,Hyderabad,Tamil Nadu,South
TWR320,Tower_320,Mumbai,Telangana,West
TWR321,Tower_321,Chennai,Telangana,South
TWR322,Tower_322,Mumbai,Karnataka,West
TWR323,Tower_323,Hyderabad,Maharashtra,South
TWR324,Tower_324,Bengaluru,Telangana,South
TWR325,Tower_325,Mumbai,Karnataka,South
TWR326,Tower_326,Bengaluru,Telangana,West
TWR327,Tower_327,Chennai,Maharashtra,South
TWR328,Tower_328,Mumbai,Tamil Nadu,West
TWR329,Tower_329,Bengaluru,Maharashtra,South
TWR330,Tower_330,Bengaluru,Telangana,West
TWR331,Tower_331,Bengaluru,Maharashtra,West
TWR332,Tower_332,Hyderabad,Telangana,South
TWR333,Tower_333,Hyderabad,Karnataka,West
TWR334,Tower_334,Hyderabad,Karnataka,South
TWR335,Tower_335,Mumbai,Tamil Nadu,West
TWR336,Tower_336,Bengaluru,Telangana,West
TWR337,Tower_337,Bengaluru,Tamil Nadu,South
TWR338,Tower_338,Bengaluru,Telangana,West
TWR339,Tower_339,Hyderabad,Telangana,West
TWR340,Tower_340,Chennai,Tamil Nadu,West
TWR341,Tower_341,Chennai,Tamil Nadu,West
TWR342,Tower_342,Hyderabad,Maharashtra,South
TWR343,Tower_343,Mumbai,Telangana,South
TWR344,Tower_344,Chennai,Tamil Nadu,South
TWR345,Tower_345,Bengaluru,Tamil Nadu,South
TWR346,Tower_346,Mumbai,Maharashtra,South
TWR347,Tower_347,Mumbai,Maharashtra,South
TWR348,Tower_348,Hyderabad,Karnataka,West
TWR349,Tower_349,Mumbai,Telangana,West
TWR350,Tower_350,Chennai,Maharashtra,South
TWR351,Tower_351,Bengaluru,Telangana,South
TWR352,Tower_352,Hyderabad,Karnataka,West
TWR353,Tower_353,Bengaluru,Karnataka,South
TWR354,Tower_354,Chennai,Maharashtra,West
TWR355,Tower_355,Hyderabad,Tamil Nadu,South
TWR356,Tower_356,Mumbai,Tamil Nadu,South
TWR357,Tower_357,Mumbai,Karnataka,West
TWR358,Tower_358,Chennai,Tamil Nadu,South
TWR359,Tower_359,Mumbai,Maharashtra,West
TWR360,Tower_360,Chennai,Tamil Nadu,West
TWR361,Tower_361,Chennai,Maharashtra,West
TWR362,Tower_362,Hyderabad,Maharashtra,South
TWR363,Tower_363,Hyderabad,Karnataka,South
TWR364,Tower_364,Chennai,Karnataka,West
TWR365,Tower_365,Mumbai,Tamil Nadu,South
TWR366,Tower_366,Bengaluru,Karnataka,West
TWR367,Tower_367,Chennai,Karnataka,West
TWR368,Tower_368,Mumbai,Tamil Nadu,South
TWR369,Tower_369,Mumbai,Tamil Nadu,South
TWR370,Tower_370,Bengaluru,Tamil Nadu,South
TWR371,Tower_371,Hyderabad,Maharashtra,West
TWR372,Tower_372,Chennai,Telangana,South
TWR373,Tower_373,Bengaluru,Karnataka,West
TWR374,Tower_374,Mumbai,Karnataka,South
TWR375,Tower_375,Mumbai,Telangana,South
TWR376,Tower_376,Bengaluru,Tamil Nadu,South
TWR377,Tower_377,Bengaluru,Tamil Nadu,South
TWR378,Tower_378,Chennai,Maharashtra,South
TWR379,Tower_379,Hyderabad,Karnataka,South
TWR380,Tower_380,Hyderabad,Telangana,South
TWR381,Tower_381,Chennai,Tamil Nadu,West
TWR382,Tower_382,Hyderabad,Maharashtra,West
TWR383,Tower_383,Bengaluru,Maharashtra,South
TWR384,Tower_384,Hyderabad,Maharashtra,West
TWR385,Tower_385,Hyderabad,Maharashtra,South
TWR386,Tower_386,Bengaluru,Tamil Nadu,West
TWR387,Tower_387,Bengaluru,Tamil Nadu,South
TWR388,Tower_388,Chennai,Telangana,South
TWR389,Tower_389,Hyderabad,Telangana,South
TWR390,Tower_390,Hyderabad,Tamil Nadu,West
TWR391,Tower_391,Bengaluru,Karnataka,West
TWR392,Tower_392,Hyderabad,Maharashtra,South
TWR393,Tower_393,Bengaluru,Tamil Nadu,West
TWR394,Tower_394,Chennai,Maharashtra,South
TWR395,Tower_395,Chennai,Maharashtra,West
TWR396,Tower_396,Chennai,Tamil Nadu,South
TWR397,Tower_397,Bengaluru,Maharashtra,South
TWR398,Tower_398,Bengaluru,Tamil Nadu,South
TWR399,Tower_399,Bengaluru,Tamil Nadu,West
TWR400,Tower_400,Hyderabad,Tamil Nadu,South
TWR401,Tower_401,Mumbai,Karnataka,South
TWR402,Tower_402,Bengaluru,Karnataka,South
TWR403,Tower_403,Bengaluru,Karnataka,South
TWR404,Tower_404,Mumbai,Karnataka,West
TWR405,Tower_405,Chennai,Tamil Nadu,South
TWR406,Tower_406,Chennai,Maharashtra,South
TWR407,Tower_407,Hyderabad,Maharashtra,South
TWR408,Tower_408,Bengaluru,Karnataka,West
TWR409,Tower_409,Bengaluru,Karnataka,South
TWR410,Tower_410,Mumbai,Telangana,West
TWR411,Tower_411,Mumbai,Maharashtra,South
TWR412,Tower_412,Mumbai,Telangana,South
TWR413,Tower_413,Bengaluru,Tamil Nadu,South
TWR414,Tower_414,Chennai,Tamil Nadu,West
TWR415,Tower_415,Mumbai,Telangana,West
TWR416,Tower_416,Hyderabad,Maharashtra,West
TWR417,Tower_417,Hyderabad,Karnataka,South
TWR418,Tower_418,Mumbai,Telangana,West
TWR419,Tower_419,Bengaluru,Maharashtra,South
TWR420,Tower_420,Chennai,Karnataka,West
TWR421,Tower_421,Chennai,Maharashtra,South
TWR422,Tower_422,Hyderabad,Tamil Nadu,South
TWR423,Tower_423,Bengaluru,Tamil Nadu,West
TWR424,Tower_424,Bengaluru,Maharashtra,South
TWR425,Tower_425,Mumbai,Telangana,West
TWR426,Tower_426,Mumbai,Telangana,South
TWR427,Tower_427,Mumbai,Telangana,South
TWR428,Tower_428,Bengaluru,Tamil Nadu,South
TWR429,Tower_429,Mumbai,Telangana,West
TWR430,Tower_430,Bengaluru,Tamil Nadu,South
TWR431,Tower_431,Chennai,Tamil Nadu,West
TWR432,Tower_432,Chennai,Maharashtra,West
TWR433,Tower_433,Mumbai,Maharashtra,West
TWR434,Tower_434,Hyderabad,Karnataka,South
TWR435,Tower_435,Hyderabad,Karnataka,West
TWR436,Tower_436,Hyderabad,Maharashtra,West
TWR437,Tower_437,Hyderabad,Karnataka,South
TWR438,Tower_438,Chennai,Karnataka,West
TWR439,Tower_439,Bengaluru,Maharashtra,South
TWR440,Tower_440,Mumbai,Telangana,West
TWR441,Tower_441,Chennai,Karnataka,West
TWR442,Tower_442,Bengaluru,Tamil Nadu,South
TWR443,Tower_443,Hyderabad,Telangana,South
TWR444,Tower_444,Mumbai,Telangana,West
TWR445,Tower_445,Hyderabad,Telangana,South
TWR446,Tower_446,Chennai,Tamil Nadu,West
TWR447,Tower_447,Mumbai,Karnataka,West
TWR448,Tower_448,Hyderabad,Karnataka,South
TWR449,Tower_449,Hyderabad,Tamil Nadu,South
TWR450,Tower_450,Hyderabad,Tamil Nadu,West
TWR451,Tower_451,Bengaluru,Tamil Nadu,West
TWR452,Tower_452,Bengaluru,Telangana,West
TWR453,Tower_453,Bengaluru,Telangana,West
TWR454,Tower_454,Hyderabad,Maharashtra,South
TWR455,Tower_455,Bengaluru,Telangana,West
TWR456,Tower_456,Chennai,Tamil Nadu,South
TWR457,Tower_457,Mumbai,Tamil Nadu,South
TWR458,Tower_458,Bengaluru,Telangana,West
TWR459,Tower_459,Chennai,Telangana,South
TWR460,Tower_460,Chennai,Maharashtra,West
TWR461,Tower_461,Mumbai,Maharashtra,South
TWR462,Tower_462,Chennai,Karnataka,South
TWR463,Tower_463,Mumbai,Karnataka,South
TWR464,Tower_464,Bengaluru,Telangana,South
TWR465,Tower_465,Mumbai,Maharashtra,West
TWR466,Tower_466,Hyderabad,Karnataka,South
TWR467,Tower_467,Mumbai,Tamil Nadu,West
TWR468,Tower_468,Mumbai,Maharashtra,South
TWR469,Tower_469,Bengaluru,Maharashtra,West
TWR470,Tower_470,Hyderabad,Maharashtra,West
TWR471,Tower_471,Mumbai,Telangana,South
TWR472,Tower_472,Chennai,Telangana,West
TWR473,Tower_473,Bengaluru,Maharashtra,South
TWR474,Tower_474,Bengaluru,Karnataka,West
TWR475,Tower_475,Chennai,Tamil Nadu,South
TWR476,Tower_476,Hyderabad,Tamil Nadu,South
TWR477,Tower_477,Hyderabad,Maharashtra,South
TWR478,Tower_478,Mumbai,Maharashtra,South
TWR479,Tower_479,Hyderabad,Karnataka,South
TWR480,Tower_480,Mumbai,Karnataka,South
TWR481,Tower_481,Mumbai,Maharashtra,South
TWR482,Tower_482,Mumbai,Karnataka,South
TWR483,Tower_483,Hyderabad,Telangana,South
TWR484,Tower_484,Mumbai,Telangana,West
TWR485,Tower_485,Mumbai,Karnataka,South
TWR486,Tower_486,Hyderabad,Tamil Nadu,South
TWR487,Tower_487,Mumbai,Karnataka,West
TWR488,Tower_488,Mumbai,Karnataka,West
TWR489,Tower_489,Hyderabad,Maharashtra,South
TWR490,Tower_490,Bengaluru,Tamil Nadu,South
TWR491,Tower_491,Hyderabad,Maharashtra,South
TWR492,Tower_492,Chennai,Telangana,West
TWR493,Tower_493,Bengaluru,Tamil Nadu,South
TWR494,Tower_494,Hyderabad,Karnataka,South
TWR495,Tower_495,Bengaluru,Maharashtra,West
TWR496,Tower_496,Mumbai,Telangana,South
TWR497,Tower_497,Hyderabad,Karnataka,South
TWR498,Tower_498,Chennai,Tamil Nadu,West
TWR499,Tower_499,Chennai,Karnataka,West
TWR500,Tower_500,Hyderabad,Karnataka,South
TWR501,Tower_501,Bengaluru,Karnataka,South
TWR502,Tower_502,Hyderabad,Tamil Nadu,South
TWR503,Tower_503,Chennai,Maharashtra,South
TWR504,Tower_504,Bengaluru,Telangana,South
TWR505,Tower_505,Hyderabad,Maharashtra,South
TWR506,Tower_506,Hyderabad,Karnataka,West
TWR507,Tower_507,Hyderabad,Tamil Nadu,West
TWR508,Tower_508,Hyderabad,Tamil Nadu,West
TWR509,Tower_509,Mumbai,Maharashtra,South
TWR510,Tower_510,Chennai,Karnataka,South
TWR511,Tower_511,Bengaluru,Karnataka,South
TWR512,Tower_512,Chennai,Karnataka,South
TWR513,Tower_513,Mumbai,Maharashtra,South
TWR514,Tower_514,Hyderabad,Karnataka,South
TWR515,Tower_515,Hyderabad,Karnataka,South
TWR516,Tower_516,Chennai,Maharashtra,West
TWR517,Tower_517,Hyderabad,Telangana,South
TWR518,Tower_518,Bengaluru,Karnataka,West
TWR519,Tower_519,Chennai,Tamil Nadu,South
TWR520,Tower_520,Bengaluru,Tamil Nadu,South
TWR521,Tower_521,Hyderabad,Telangana,West
TWR522,Tower_522,Hyderabad,Telangana,West
TWR523,Tower_523,Chennai,Karnataka,South
TWR524,Tower_524,Hyderabad,Karnataka,West
TWR525,Tower_525,Hyderabad,Maharashtra,West
TWR526,Tower_526,Chennai,Tamil Nadu,South
TWR527,Tower_527,Chennai,Karnataka,West
TWR528,Tower_528,Hyderabad,Karnataka,West
TWR529,Tower_529,Chennai,Tamil Nadu,West
TWR530,Tower_530,Mumbai,Tamil Nadu,South
TWR531,Tower_531,Bengaluru,Maharashtra,West
TWR532,Tower_532,Bengaluru,Karnataka,South
TWR533,Tower_533,Mumbai,Karnataka,South
TWR534,Tower_534,Mumbai,Karnataka,West
TWR535,Tower_535,Hyderabad,Karnataka,West
TWR536,Tower_536,Chennai,Tamil Nadu,South
TWR537,Tower_537,Bengaluru,Telangana,South
TWR538,Tower_538,Hyderabad,Telangana,West
TWR539,Tower_539,Hyderabad,Karnataka,South
TWR540,Tower_540,Mumbai,Karnataka,West
TWR541,Tower_541,Mumbai,Telangana,South
TWR542,Tower_542,Mumbai,Telangana,West
TWR543,Tower_543,Chennai,Maharashtra,South
TWR544,Tower_544,Bengaluru,Telangana,West
TWR545,Tower_545,Bengaluru,Karnataka,South
TWR546,Tower_546,Chennai,Maharashtra,South
TWR547,Tower_547,Chennai,Karnataka,West
TWR548,Tower_548,Bengaluru,Maharashtra,West
TWR549,Tower_549,Chennai,Maharashtra,South
TWR550,Tower_550,Hyderabad,Tamil Nadu,South
TWR551,Tower_551,Hyderabad,Telangana,South
TWR552,Tower_552,Mumbai,Tamil Nadu,West
TWR553,Tower_553,Chennai,Tamil Nadu,West
TWR554,Tower_554,Hyderabad,Karnataka,West
TWR555,Tower_555,Bengaluru,Maharashtra,South
TWR556,Tower_556,Mumbai,Tamil Nadu,South
TWR557,Tower_557,Chennai,Karnataka,South
TWR558,Tower_558,Bengaluru,Tamil Nadu,West
TWR559,Tower_559,Chennai,Karnataka,South
TWR560,Tower_560,Hyderabad,Tamil Nadu,South
TWR561,Tower_561,Hyderabad,Telangana,South
TWR562,Tower_562,Chennai,Telangana,West
TWR563,Tower_563,Chennai,Maharashtra,West
TWR564,Tower_564,Hyderabad,Maharashtra,West
TWR565,Tower_565,Bengaluru,Maharashtra,South
TWR566,Tower_566,Hyderabad,Karnataka,West
TWR567,Tower_567,Hyderabad,Tamil Nadu,West
TWR568,Tower_568,Mumbai,Maharashtra,South
TWR569,Tower_569,Bengaluru,Karnataka,South
TWR570,Tower_570,Chennai,Tamil Nadu,South
TWR571,Tower_571,Chennai,Maharashtra,South
TWR572,Tower_572,Chennai,Karnataka,South
TWR573,Tower_573,Hyderabad,Maharashtra,West
TWR574,Tower_574,Mumbai,Tamil Nadu,West
TWR575,Tower_575,Bengaluru,Karnataka,West
TWR576,Tower_576,Hyderabad,Maharashtra,South
TWR577,Tower_577,Hyderabad,Tamil Nadu,West
TWR578,Tower_578,Hyderabad,Karnataka,South
TWR579,Tower_579,Mumbai,Maharashtra,South
TWR580,Tower_580,Bengaluru,Telangana,South
TWR581,Tower_581,Hyderabad,Maharashtra,West
TWR582,Tower_582,Hyderabad,Maharashtra,West
TWR583,Tower_583,Bengaluru,Maharashtra,South
TWR584,Tower_584,Chennai,Karnataka,South
TWR585,Tower_585,Chennai,Telangana,South
TWR586,Tower_586,Bengaluru,Maharashtra,South
TWR587,Tower_587,Hyderabad,Maharashtra,West
TWR588,Tower_588,Hyderabad,Telangana,West
TWR589,Tower_589,Chennai,Telangana,South
TWR590,Tower_590,Hyderabad,Maharashtra,West
TWR591,Tower_591,Bengaluru,Karnataka,West
TWR592,Tower_592,Chennai,Telangana,South
TWR593,Tower_593,Mumbai,Telangana,West
TWR594,Tower_594,Chennai,Maharashtra,South
TWR595,Tower_595,Mumbai,Tamil Nadu,South
TWR596,Tower_596,Mumbai,Karnataka,West
TWR597,Tower_597,Chennai,Maharashtra,West
TWR598,Tower_598,Hyderabad,Maharashtra,South
TWR599,Tower_599,Chennai,Maharashtra,South
TWR600,Tower_600,Bengaluru,Karnataka,South
TWR601,Tower_601,Hyderabad,Maharashtra,South
TWR602,Tower_602,Bengaluru,Maharashtra,South
TWR603,Tower_603,Bengaluru,Tamil Nadu,South
TWR604,Tower_604,Mumbai,Tamil Nadu,West
TWR605,Tower_605,Mumbai,Maharashtra,South
TWR606,Tower_606,Bengaluru,Tamil Nadu,South
TWR607,Tower_607,Hyderabad,Telangana,West
TWR608,Tower_608,Chennai,Telangana,South
TWR609,Tower_609,Mumbai,Karnataka,West
TWR610,Tower_610,Mumbai,Maharashtra,West
TWR611,Tower_611,Bengaluru,Tamil Nadu,South
TWR612,Tower_612,Chennai,Karnataka,West
TWR613,Tower_613,Chennai,Tamil Nadu,South
TWR614,Tower_614,Bengaluru,Telangana,West
TWR615,Tower_615,Hyderabad,Tamil Nadu,South
TWR616,Tower_616,Bengaluru,Maharashtra,West
TWR617,Tower_617,Chennai,Tamil Nadu,South
TWR618,Tower_618,Hyderabad,Tamil Nadu,West
TWR619,Tower_619,Mumbai,Telangana,West
TWR620,Tower_620,Mumbai,Karnataka,South
TWR621,Tower_621,Hyderabad,Maharashtra,South
TWR622,Tower_622,Chennai,Tamil Nadu,South
TWR623,Tower_623,Bengaluru,Telangana,West
TWR624,Tower_624,Bengaluru,Karnataka,West
TWR625,Tower_625,Bengaluru,Telangana,South
TWR626,Tower_626,Bengaluru,Karnataka,South
TWR627,Tower_627,Mumbai,Maharashtra,South
TWR628,Tower_628,Chennai,Maharashtra,South
TWR629,Tower_629,Hyderabad,Telangana,West
TWR630,Tower_630,Bengaluru,Maharashtra,West
TWR631,Tower_631,Mumbai,Karnataka,South
TWR632,Tower_632,Mumbai,Maharashtra,South
TWR633,Tower_633,Bengaluru,Maharashtra,South
TWR634,Tower_634,Hyderabad,Karnataka,South
TWR635,Tower_635,Chennai,Telangana,West
TWR636,Tower_636,Hyderabad,Maharashtra,West
TWR637,Tower_637,Bengaluru,Tamil Nadu,West
TWR638,Tower_638,Mumbai,Tamil Nadu,South
TWR639,Tower_639,Hyderabad,Telangana,West
TWR640,Tower_640,Mumbai,Tamil Nadu,West
TWR641,Tower_641,Bengaluru,Maharashtra,West
TWR642,Tower_642,Chennai,Maharashtra,South
TWR643,Tower_643,Hyderabad,Tamil Nadu,South
TWR644,Tower_644,Bengaluru,Telangana,West
TWR645,Tower_645,Hyderabad,Karnataka,South
TWR646,Tower_646,Bengaluru,Tamil Nadu,West
TWR647,Tower_647,Mumbai,Karnataka,West
TWR648,Tower_648,Chennai,Maharashtra,West
TWR649,Tower_649,Hyderabad,Karnataka,South
TWR650,Tower_650,Mumbai,Tamil Nadu,South
TWR651,Tower_651,Bengaluru,Maharashtra,South
TWR652,Tower_652,Hyderabad,Telangana,South
TWR653,Tower_653,Mumbai,Maharashtra,South
TWR654,Tower_654,Chennai,Karnataka,West
TWR655,Tower_655,Chennai,Telangana,South
TWR656,Tower_656,Hyderabad,Tamil Nadu,West
TWR657,Tower_657,Bengaluru,Karnataka,West
TWR658,Tower_658,Mumbai,Telangana,West
TWR659,Tower_659,Hyderabad,Maharashtra,West
TWR660,Tower_660,Mumbai,Tamil Nadu,West
TWR661,Tower_661,Mumbai,Maharashtra,West
TWR662,Tower_662,Mumbai,Karnataka,West
TWR663,Tower_663,Bengaluru,Karnataka,South
TWR664,Tower_664,Chennai,Maharashtra,West
TWR665,Tower_665,Mumbai,Telangana,South
TWR666,Tower_666,Hyderabad,Telangana,West
TWR667,Tower_667,Bengaluru,Telangana,South
TWR668,Tower_668,Bengaluru,Maharashtra,West
TWR669,Tower_669,Bengaluru,Telangana,West
TWR670,Tower_670,Chennai,Karnataka,West
TWR671,Tower_671,Hyderabad,Telangana,West
TWR672,Tower_672,Hyderabad,Telangana,South
TWR673,Tower_673,Bengaluru,Karnataka,West
TWR674,Tower_674,Bengaluru,Telangana,South
TWR675,Tower_675,Chennai,Tamil Nadu,South
TWR676,Tower_676,Bengaluru,Karnataka,West
TWR677,Tower_677,Hyderabad,Tamil Nadu,West
TWR678,Tower_678,Chennai,Karnataka,South
TWR679,Tower_679,Hyderabad,Tamil Nadu,West
TWR680,Tower_680,Hyderabad,Karnataka,West
TWR681,Tower_681,Bengaluru,Tamil Nadu,West
TWR682,Tower_682,Hyderabad,Tamil Nadu,South
TWR683,Tower_683,Mumbai,Tamil Nadu,West
TWR684,Tower_684,Bengaluru,Karnataka,South
TWR685,Tower_685,Mumbai,Telangana,West
TWR686,Tower_686,Hyderabad,Karnataka,West
TWR687,Tower_687,Bengaluru,Karnataka,South
TWR688,Tower_688,Bengaluru,Karnataka,West
TWR689,Tower_689,Bengaluru,Tamil Nadu,West
TWR690,Tower_690,Chennai,Maharashtra,West
TWR691,Tower_691,Bengaluru,Tamil Nadu,South
TWR692,Tower_692,Hyderabad,Telangana,West
TWR693,Tower_693,Bengaluru,Maharashtra,South
TWR694,Tower_694,Mumbai,Maharashtra,West
TWR695,Tower_695,Bengaluru,Maharashtra,West
TWR696,Tower_696,Hyderabad,Tamil Nadu,West
TWR697,Tower_697,Hyderabad,Maharashtra,West
TWR698,Tower_698,Bengaluru,Telangana,South
TWR699,Tower_699,Mumbai,Tamil Nadu,South
TWR700,Tower_700,Bengaluru,Karnataka,South
TWR701,Tower_701,Mumbai,Telangana,West
TWR702,Tower_702,Bengaluru,Tamil Nadu,South
TWR703,Tower_703,Bengaluru,Maharashtra,West
TWR704,Tower_704,Mumbai,Telangana,South
TWR705,Tower_705,Mumbai,Telangana,South
TWR706,Tower_706,Chennai,Maharashtra,South
TWR707,Tower_707,Chennai,Maharashtra,South
TWR708,Tower_708,Bengaluru,Telangana,West
TWR709,Tower_709,Hyderabad,Maharashtra,South
TWR710,Tower_710,Hyderabad,Telangana,West
TWR711,Tower_711,Mumbai,Karnataka,West
TWR712,Tower_712,Chennai,Telangana,South
TWR713,Tower_713,Mumbai,Karnataka,West
TWR714,Tower_714,Mumbai,Karnataka,West
TWR715,Tower_715,Bengaluru,Karnataka,West
TWR716,Tower_716,Bengaluru,Karnataka,West
TWR717,Tower_717,Mumbai,Telangana,South
TWR718,Tower_718,Chennai,Maharashtra,West
TWR719,Tower_719,Chennai,Tamil Nadu,West
TWR720,Tower_720,Chennai,Tamil Nadu,South
TWR721,Tower_721,Mumbai,Tamil Nadu,West
TWR722,Tower_722,Hyderabad,Tamil Nadu,South
TWR723,Tower_723,Bengaluru,Tamil Nadu,West
TWR724,Tower_724,Chennai,Telangana,West
TWR725,Tower_725,Chennai,Maharashtra,West
TWR726,Tower_726,Bengaluru,Telangana,West
TWR727,Tower_727,Bengaluru,Maharashtra,West
TWR728,Tower_728,Hyderabad,Maharashtra,South
TWR729,Tower_729,Hyderabad,Karnataka,South
TWR730,Tower_730,Bengaluru,Maharashtra,West
TWR731,Tower_731,Hyderabad,Maharashtra,South
TWR732,Tower_732,Hyderabad,Karnataka,West
TWR733,Tower_733,Hyderabad,Karnataka,South
TWR734,Tower_734,Chennai,Karnataka,South
TWR735,Tower_735,Bengaluru,Maharashtra,South
TWR736,Tower_736,Hyderabad,Karnataka,South
TWR737,Tower_737,Hyderabad,Karnataka,West
TWR738,Tower_738,Chennai,Karnataka,West
TWR739,Tower_739,Mumbai,Tamil Nadu,South
TWR740,Tower_740,Chennai,Karnataka,South
TWR741,Tower_741,Chennai,Telangana,West
TWR742,Tower_742,Mumbai,Karnataka,West
TWR743,Tower_743,Hyderabad,Telangana,South
TWR744,Tower_744,Hyderabad,Telangana,West
TWR745,Tower_745,Chennai,Maharashtra,South
TWR746,Tower_746,Bengaluru,Maharashtra,South
TWR747,Tower_747,Bengaluru,Maharashtra,South
TWR748,Tower_748,Mumbai,Telangana,South
TWR749,Tower_749,Bengaluru,Tamil Nadu,West
TWR750,Tower_750,Mumbai,Tamil Nadu,West
TWR751,Tower_751,Bengaluru,Karnataka,West
TWR752,Tower_752,Hyderabad,Maharashtra,South
TWR753,Tower_753,Chennai,Karnataka,West
TWR754,Tower_754,Mumbai,Maharashtra,West
TWR755,Tower_755,Hyderabad,Telangana,West
TWR756,Tower_756,Hyderabad,Karnataka,South
TWR757,Tower_757,Mumbai,Karnataka,West
TWR758,Tower_758,Hyderabad,Telangana,South
TWR759,Tower_759,Chennai,Telangana,West
TWR760,Tower_760,Chennai,Telangana,South
TWR761,Tower_761,Bengaluru,Telangana,West
TWR762,Tower_762,Hyderabad,Karnataka,South
TWR763,Tower_763,Hyderabad,Karnataka,South
TWR764,Tower_764,Mumbai,Telangana,South
TWR765,Tower_765,Chennai,Karnataka,South
TWR766,Tower_766,Mumbai,Maharashtra,West
TWR767,Tower_767,Mumbai,Tamil Nadu,West
TWR768,Tower_768,Hyderabad,Karnataka,West
TWR769,Tower_769,Bengaluru,Maharashtra,West
TWR770,Tower_770,Mumbai,Telangana,South
TWR771,Tower_771,Mumbai,Karnataka,South
TWR772,Tower_772,Mumbai,Telangana,South
TWR773,Tower_773,Chennai,Tamil Nadu,West
TWR774,Tower_774,Mumbai,Maharashtra,West
TWR775,Tower_775,Chennai,Karnataka,West
TWR776,Tower_776,Mumbai,Karnataka,West
TWR777,Tower_777,Bengaluru,Telangana,West
TWR778,Tower_778,Hyderabad,Maharashtra,West
TWR779,Tower_779,Hyderabad,Maharashtra,South
TWR780,Tower_780,Hyderabad,Telangana,West
TWR781,Tower_781,Mumbai,Maharashtra,West
TWR782,Tower_782,Hyderabad,Karnataka,South
TWR783,Tower_783,Chennai,Maharashtra,West
TWR784,Tower_784,Bengaluru,Maharashtra,South
TWR785,Tower_785,Hyderabad,Tamil Nadu,West
TWR786,Tower_786,Chennai,Telangana,West
TWR787,Tower_787,Bengaluru,Tamil Nadu,South
TWR788,Tower_788,Mumbai,Telangana,West
TWR789,Tower_789,Bengaluru,Telangana,West
TWR790,Tower_790,Mumbai,Telangana,South
TWR791,Tower_791,Bengaluru,Karnataka,South
TWR792,Tower_792,Mumbai,Tamil Nadu,West
TWR793,Tower_793,Mumbai,Karnataka,South
TWR794,Tower_794,Mumbai,Tamil Nadu,South
TWR795,Tower_795,Hyderabad,Tamil Nadu,South
TWR796,Tower_796,Hyderabad,Karnataka,West
TWR797,Tower_797,Mumbai,Karnataka,West
TWR798,Tower_798,Mumbai,Telangana,West
TWR799,Tower_799,Mumbai,Telangana,South
TWR800,Tower_800,Chennai,Maharashtra,West
TWR801,Tower_801,Bengaluru,Telangana,West
TWR802,Tower_802,Chennai,Karnataka,West
TWR803,Tower_803,Mumbai,Tamil Nadu,South
TWR804,Tower_804,Bengaluru,Karnataka,South
TWR805,Tower_805,Bengaluru,Karnataka,West
TWR806,Tower_806,Bengaluru,Tamil Nadu,West
TWR807,Tower_807,Mumbai,Karnataka,South
TWR808,Tower_808,Bengaluru,Telangana,South
TWR809,Tower_809,Chennai,Tamil Nadu,West
TWR810,Tower_810,Hyderabad,Maharashtra,South
TWR811,Tower_811,Hyderabad,Tamil Nadu,West
TWR812,Tower_812,Chennai,Tamil Nadu,West
TWR813,Tower_813,Hyderabad,Maharashtra,South
TWR814,Tower_814,Chennai,Karnataka,West
TWR815,Tower_815,Bengaluru,Tamil Nadu,South
TWR816,Tower_816,Chennai,Maharashtra,West
TWR817,Tower_817,Bengaluru,Telangana,South
TWR818,Tower_818,Bengaluru,Karnataka,South
TWR819,Tower_819,Chennai,Maharashtra,West
TWR820,Tower_820,Mumbai,Karnataka,South
TWR821,Tower_821,Mumbai,Tamil Nadu,South
TWR822,Tower_822,Mumbai,Tamil Nadu,West
TWR823,Tower_823,Bengaluru,Telangana,West
TWR824,Tower_824,Hyderabad,Maharashtra,West
TWR825,Tower_825,Chennai,Tamil Nadu,South
TWR826,Tower_826,Mumbai,Maharashtra,South
TWR827,Tower_827,Bengaluru,Tamil Nadu,South
TWR828,Tower_828,Hyderabad,Karnataka,West
TWR829,Tower_829,Bengaluru,Maharashtra,South
TWR830,Tower_830,Mumbai,Telangana,South
TWR831,Tower_831,Mumbai,Tamil Nadu,West
TWR832,Tower_832,Hyderabad,Tamil Nadu,South
TWR833,Tower_833,Mumbai,Tamil Nadu,West
TWR834,Tower_834,Chennai,Tamil Nadu,West
TWR835,Tower_835,Mumbai,Maharashtra,West
TWR836,Tower_836,Bengaluru,Karnataka,South
TWR837,Tower_837,Chennai,Maharashtra,South
TWR838,Tower_838,Mumbai,Karnataka,South
TWR839,Tower_839,Mumbai,Karnataka,South
TWR840,Tower_840,Hyderabad,Maharashtra,West
TWR841,Tower_841,Bengaluru,Telangana,West
TWR842,Tower_842,Bengaluru,Tamil Nadu,South
TWR843,Tower_843,Chennai,Maharashtra,South
TWR844,Tower_844,Bengaluru,Karnataka,South
TWR845,Tower_845,Bengaluru,Telangana,South
TWR846,Tower_846,Chennai,Maharashtra,South
TWR847,Tower_847,Chennai,Tamil Nadu,West
TWR848,Tower_848,Bengaluru,Tamil Nadu,West
TWR849,Tower_849,Hyderabad,Maharashtra,West
TWR850,Tower_850,Bengaluru,Maharashtra,West
TWR851,Tower_851,Mumbai,Maharashtra,South
TWR852,Tower_852,Bengaluru,Telangana,West
TWR853,Tower_853,Bengaluru,Tamil Nadu,West
TWR854,Tower_854,Hyderabad,Tamil Nadu,West
TWR855,Tower_855,Hyderabad,Karnataka,South
TWR856,Tower_856,Mumbai,Karnataka,West
TWR857,Tower_857,Mumbai,Maharashtra,South
TWR858,Tower_858,Bengaluru,Tamil Nadu,West
TWR859,Tower_859,Chennai,Karnataka,South
TWR860,Tower_860,Hyderabad,Tamil Nadu,South
TWR861,Tower_861,Hyderabad,Karnataka,South
TWR862,Tower_862,Mumbai,Maharashtra,South
TWR863,Tower_863,Chennai,Tamil Nadu,South
TWR864,Tower_864,Bengaluru,Telangana,South
TWR865,Tower_865,Chennai,Karnataka,South
TWR866,Tower_866,Hyderabad,Telangana,South
TWR867,Tower_867,Bengaluru,Maharashtra,South
TWR868,Tower_868,Hyderabad,Tamil Nadu,South
TWR869,Tower_869,Hyderabad,Telangana,West
TWR870,Tower_870,Mumbai,Maharashtra,West
TWR871,Tower_871,Chennai,Tamil Nadu,South
TWR872,Tower_872,Chennai,Tamil Nadu,West
TWR873,Tower_873,Mumbai,Telangana,South
TWR874,Tower_874,Mumbai,Maharashtra,South
TWR875,Tower_875,Chennai,Telangana,West
TWR876,Tower_876,Bengaluru,Karnataka,South
TWR877,Tower_877,Mumbai,Telangana,West
TWR878,Tower_878,Mumbai,Telangana,South
TWR879,Tower_879,Bengaluru,Tamil Nadu,West
TWR880,Tower_880,Hyderabad,Maharashtra,South
TWR881,Tower_881,Mumbai,Karnataka,South
TWR882,Tower_882,Mumbai,Maharashtra,South
TWR883,Tower_883,Chennai,Karnataka,West
TWR884,Tower_884,Bengaluru,Telangana,South
TWR885,Tower_885,Hyderabad,Tamil Nadu,South
TWR886,Tower_886,Chennai,Maharashtra,West
TWR887,Tower_887,Chennai,Karnataka,South
TWR888,Tower_888,Bengaluru,Tamil Nadu,West
TWR889,Tower_889,Mumbai,Telangana,West
TWR890,Tower_890,Bengaluru,Telangana,West
TWR891,Tower_891,Bengaluru,Telangana,West
TWR892,Tower_892,Bengaluru,Telangana,South
TWR893,Tower_893,Chennai,Maharashtra,West
TWR894,Tower_894,Bengaluru,Tamil Nadu,West
TWR895,Tower_895,Mumbai,Karnataka,South
TWR896,Tower_896,Mumbai,Tamil Nadu,West
TWR897,Tower_897,Hyderabad,Telangana,South
TWR898,Tower_898,Hyderabad,Maharashtra,South
TWR899,Tower_899,Bengaluru,Telangana,South
TWR900,Tower_900,Bengaluru,Karnataka,South
TWR901,Tower_901,Mumbai,Telangana,West
TWR902,Tower_902,Chennai,Telangana,South
TWR903,Tower_903,Hyderabad,Maharashtra,South
TWR904,Tower_904,Bengaluru,Telangana,South
TWR905,Tower_905,Chennai,Karnataka,South
TWR906,Tower_906,Mumbai,Karnataka,West
TWR907,Tower_907,Chennai,Tamil Nadu,West
TWR908,Tower_908,Hyderabad,Telangana,West
TWR909,Tower_909,Chennai,Karnataka,West
TWR910,Tower_910,Bengaluru,Telangana,West
TWR911,Tower_911,Mumbai,Tamil Nadu,South
TWR912,Tower_912,Hyderabad,Karnataka,West
TWR913,Tower_913,Mumbai,Maharashtra,West
TWR914,Tower_914,Chennai,Karnataka,West
TWR915,Tower_915,Mumbai,Tamil Nadu,West
TWR916,Tower_916,Bengaluru,Telangana,West
TWR917,Tower_917,Mumbai,Maharashtra,West
TWR918,Tower_918,Chennai,Maharashtra,West
TWR919,Tower_919,Chennai,Tamil Nadu,West
TWR920,Tower_920,Bengaluru,Karnataka,South
TWR921,Tower_921,Hyderabad,Tamil Nadu,West
TWR922,Tower_922,Bengaluru,Telangana,West
TWR923,Tower_923,Mumbai,Maharashtra,South
TWR924,Tower_924,Chennai,Maharashtra,West
TWR925,Tower_925,Bengaluru,Telangana,South
TWR926,Tower_926,Mumbai,Telangana,West
TWR927,Tower_927,Bengaluru,Telangana,South
TWR928,Tower_928,Mumbai,Telangana,West
TWR929,Tower_929,Mumbai,Tamil Nadu,West
TWR930,Tower_930,Mumbai,Karnataka,South
TWR931,Tower_931,Chennai,Karnataka,South
TWR932,Tower_932,Hyderabad,Telangana,West
TWR933,Tower_933,Bengaluru,Tamil Nadu,South
TWR934,Tower_934,Hyderabad,Karnataka,West
TWR935,Tower_935,Mumbai,Tamil Nadu,West
TWR936,Tower_936,Chennai,Telangana,West
TWR937,Tower_937,Bengaluru,Telangana,South
TWR938,Tower_938,Bengaluru,Tamil Nadu,South
TWR939,Tower_939,Chennai,Maharashtra,West
TWR940,Tower_940,Bengaluru,Tamil Nadu,South
TWR941,Tower_941,Hyderabad,Karnataka,West
TWR942,Tower_942,Hyderabad,Telangana,West
TWR943,Tower_943,Mumbai,Telangana,West
TWR944,Tower_944,Mumbai,Tamil Nadu,South
TWR945,Tower_945,Chennai,Tamil Nadu,South
TWR946,Tower_946,Hyderabad,Tamil Nadu,West
TWR947,Tower_947,Chennai,Tamil Nadu,South
TWR948,Tower_948,Mumbai,Telangana,West
TWR949,Tower_949,Hyderabad,Karnataka,West
TWR950,Tower_950,Mumbai,Karnataka,West
TWR951,Tower_951,Bengaluru,Telangana,West
TWR952,Tower_952,Hyderabad,Maharashtra,West
TWR953,Tower_953,Bengaluru,Tamil Nadu,West
TWR954,Tower_954,Bengaluru,Tamil Nadu,West
TWR955,Tower_955,Hyderabad,Tamil Nadu,West
TWR956,Tower_956,Chennai,Tamil Nadu,South
TWR957,Tower_957,Mumbai,Telangana,West
TWR958,Tower_958,Bengaluru,Telangana,South
TWR959,Tower_959,Hyderabad,Karnataka,South
TWR960,Tower_960,Mumbai,Maharashtra,South
TWR961,Tower_961,Mumbai,Tamil Nadu,South
TWR962,Tower_962,Chennai,Maharashtra,West
TWR963,Tower_963,Hyderabad,Telangana,West
TWR964,Tower_964,Hyderabad,Tamil Nadu,West
TWR965,Tower_965,Bengaluru,Telangana,West
TWR966,Tower_966,Hyderabad,Karnataka,West
TWR967,Tower_967,Bengaluru,Karnataka,South
TWR968,Tower_968,Bengaluru,Telangana,South
TWR969,Tower_969,Chennai,Maharashtra,South
TWR970,Tower_970,Chennai,Maharashtra,South
TWR971,Tower_971,Chennai,Karnataka,South
TWR972,Tower_972,Bengaluru,Telangana,South
TWR973,Tower_973,Chennai,Tamil Nadu,South
TWR974,Tower_974,Mumbai,Karnataka,West
TWR975,Tower_975,Hyderabad,Karnataka,South
TWR976,Tower_976,Bengaluru,Tamil Nadu,West
TWR977,Tower_977,Bengaluru,Telangana,South
TWR978,Tower_978,Hyderabad,Telangana,West
TWR979,Tower_979,Bengaluru,Maharashtra,West
TWR980,Tower_980,Bengaluru,Tamil Nadu,West
TWR981,Tower_981,Bengaluru,Telangana,West
TWR982,Tower_982,Bengaluru,Tamil Nadu,West
TWR983,Tower_983,Chennai,Tamil Nadu,South
TWR984,Tower_984,Mumbai,Telangana,South
TWR985,Tower_985,Mumbai,Telangana,West
TWR986,Tower_986,Chennai,Tamil Nadu,South
TWR987,Tower_987,Chennai,Karnataka,West
TWR988,Tower_988,Chennai,Maharashtra,West
TWR989,Tower_989,Chennai,Karnataka,South
TWR990,Tower_990,Mumbai,Karnataka,West
TWR991,Tower_991,Bengaluru,Maharashtra,South
TWR992,Tower_992,Hyderabad,Telangana,South
TWR993,Tower_993,Chennai,Karnataka,South
TWR994,Tower_994,Mumbai,Karnataka,South
TWR995,Tower_995,Bengaluru,Tamil Nadu,West
TWR996,Tower_996,Hyderabad,Karnataka,South
TWR997,Tower_997,Hyderabad,Telangana,West
TWR998,Tower_998,Chennai,Tamil Nadu,South
TWR999,Tower_999,Chennai,Karnataka,West
TWR1000,Tower_1000,Chennai,Telangana,South
